{
  "task_id": 7,
  "tile": {
    "ix": 3,
    "iy": 1,
    "nx": 4,
    "ny": 4
  },
  "tile_bounds": {
    "x0": 2.5599999999999996,
    "x1": 5.119999999999999,
    "y0": -2.56,
    "y1": 0.0
  },
  "start": {
    "x": 3.0200461870527286,
    "y": -0.051262766985702195,
    "f": 9.986340815421006
  },
  "best": {
    "x": 2.9765105540052086,
    "y": -0.008427078206448106,
    "f": 9.273216635978082
  },
  "params": {
    "steps": 60000,
    "dt": 0.02,
    "mass": 1.0,
    "gamma": 0.8,
    "coarse_gx": 25,
    "coarse_gy": 25,
    "seed": 1007
  }
}