{
  "task_id": 15,
  "tile": {
    "ix": 3,
    "iy": 3,
    "nx": 4,
    "ny": 4
  },
  "tile_bounds": {
    "x0": 2.5599999999999996,
    "x1": 5.119999999999999,
    "y0": 2.5599999999999996,
    "y1": 5.119999999999999
  },
  "start": {
    "x": 3.020462780261479,
    "y": 3.020223087191775,
    "f": 19.075460140908397
  },
  "best": {
    "x": 2.9861272997144352,
    "y": 2.986127299719799,
    "f": 18.608168440420048
  },
  "params": {
    "steps": 60000,
    "dt": 0.02,
    "mass": 1.0,
    "gamma": 0.8,
    "coarse_gx": 25,
    "coarse_gy": 25,
    "seed": 1015
  }
}