{
  "task_id": 5,
  "tile": {
    "ix": 1,
    "iy": 1,
    "nx": 4,
    "ny": 4
  },
  "tile_bounds": {
    "x0": -2.56,
    "x1": 0.0,
    "y0": -2.56,
    "y1": 0.0
  },
  "start": {
    "x": -0.05163942848570714,
    "y": -0.05026756031426913,
    "f": 1.023006509423696
  },
  "best": {
    "x": -0.009567258375591883,
    "y": -0.009270668788549256,
    "f": 0.033715169611925645
  },
  "params": {
    "steps": 60000,
    "dt": 0.02,
    "mass": 1.0,
    "gamma": 0.8,
    "coarse_gx": 25,
    "coarse_gy": 25,
    "seed": 1005
  }
}