{
  "task_id": 9,
  "tile": {
    "ix": 1,
    "iy": 2,
    "nx": 4,
    "ny": 4
  },
  "tile_bounds": {
    "x0": -2.56,
    "x1": 0.0,
    "y0": 0.0,
    "y1": 2.56
  },
  "start": {
    "x": -0.051231482140562265,
    "y": 0.0510977245875905,
    "f": 1.0181386546788034
  },
  "best": {
    "x": -0.009654748056064751,
    "y": 0.01024249519706981,
    "f": 0.03890712924176657
  },
  "params": {
    "steps": 60000,
    "dt": 0.02,
    "mass": 1.0,
    "gamma": 0.8,
    "coarse_gx": 25,
    "coarse_gy": 25,
    "seed": 1009
  }
}