{
  "task_id": 6,
  "tile": {
    "ix": 2,
    "iy": 1,
    "nx": 4,
    "ny": 4
  },
  "tile_bounds": {
    "x0": 0.0,
    "x1": 2.56,
    "y0": -2.56,
    "y1": 0.0
  },
  "start": {
    "x": 0.05076821414246038,
    "y": -0.05182297840018777,
    "f": 1.0233257902731545
  },
  "best": {
    "x": 0.010176459331189623,
    "y": -0.009765296446805582,
    "f": 0.03904560860541694
  },
  "params": {
    "steps": 60000,
    "dt": 0.02,
    "mass": 1.0,
    "gamma": 0.8,
    "coarse_gx": 25,
    "coarse_gy": 25,
    "seed": 1006
  }
}