{
  "task_id": 12,
  "tile": {
    "ix": 0,
    "iy": 3,
    "nx": 4,
    "ny": 4
  },
  "tile_bounds": {
    "x0": -5.12,
    "x1": -2.56,
    "y0": 2.5599999999999996,
    "y1": 5.119999999999999
  },
  "start": {
    "x": -3.019858049013912,
    "y": 3.019872757264466,
    "f": 18.331001775329565
  },
  "best": {
    "x": -2.983561373295514,
    "y": 2.9830602652373055,
    "f": 17.80560345755706
  },
  "params": {
    "steps": 60000,
    "dt": 0.02,
    "mass": 1.0,
    "gamma": 0.8,
    "coarse_gx": 25,
    "coarse_gy": 25,
    "seed": 123
  }
}