{
  "task_id": 14,
  "tile": {
    "ix": 2,
    "iy": 3,
    "nx": 4,
    "ny": 4
  },
  "tile_bounds": {
    "x0": 0.0,
    "x1": 2.56,
    "y0": 2.5599999999999996,
    "y1": 5.119999999999999
  },
  "start": {
    "x": 0.051503665509980916,
    "y": 3.0199931848406507,
    "f": 10.05546688406463
  },
  "best": {
    "x": 0.00837822608496264,
    "y": 2.991361829560961,
    "f": 9.282341472127293
  },
  "params": {
    "steps": 60000,
    "dt": 0.02,
    "mass": 1.0,
    "gamma": 0.8,
    "coarse_gx": 25,
    "coarse_gy": 25,
    "seed": 1014
  }
}