{
  "task_id": 0,
  "tile": {
    "ix": 0,
    "iy": 0,
    "nx": 4,
    "ny": 4
  },
  "tile_bounds": {
    "x0": -5.12,
    "x1": -2.56,
    "y0": -5.12,
    "y1": -2.56
  },
  "start": {
    "x": -3.020245286714599,
    "y": -3.0204603488808814,
    "f": 17.86758782095711
  },
  "best": {
    "x": -2.9866297815199183,
    "y": -2.986629781527862,
    "f": 17.413617019255014
  },
  "params": {
    "steps": 60000,
    "dt": 0.02,
    "mass": 1.0,
    "gamma": 0.8,
    "coarse_gx": 25,
    "coarse_gy": 25,
    "seed": 1000
  }
}