{
  "task_id": 8,
  "tile": {
    "ix": 0,
    "iy": 2,
    "nx": 4,
    "ny": 4
  },
  "tile_bounds": {
    "x0": -5.12,
    "x1": -2.56,
    "y0": 0.0,
    "y1": 2.56
  },
  "start": {
    "x": -3.0209815659254122,
    "y": 0.051200573462715254,
    "f": 9.404680155069732
  },
  "best": {
    "x": -2.9911949094552748,
    "y": 0.010595796191781748,
    "f": 8.679823264803199
  },
  "params": {
    "steps": 60000,
    "dt": 0.02,
    "mass": 1.0,
    "gamma": 0.8,
    "coarse_gx": 25,
    "coarse_gy": 25,
    "seed": 1008
  }
}