{
  "task_id": 10,
  "tile": {
    "ix": 2,
    "iy": 2,
    "nx": 4,
    "ny": 4
  },
  "tile_bounds": {
    "x0": 0.0,
    "x1": 2.56,
    "y0": 0.0,
    "y1": 2.56
  },
  "start": {
    "x": 0.05039954858161478,
    "y": 0.0514431748389119,
    "f": 1.0420162756725069
  },
  "best": {
    "x": 0.008885077216601027,
    "y": 0.009110605583812308,
    "f": 0.034284376017739926
  },
  "params": {
    "steps": 60000,
    "dt": 0.02,
    "mass": 1.0,
    "gamma": 0.8,
    "coarse_gx": 25,
    "coarse_gy": 25,
    "seed": 1010
  }
}