{
  "task_id": 13,
  "tile": {
    "ix": 1,
    "iy": 3,
    "nx": 4,
    "ny": 4
  },
  "tile_bounds": {
    "x0": -2.56,
    "x1": 0.0,
    "y0": 2.5599999999999996,
    "y1": 5.119999999999999
  },
  "start": {
    "x": -0.05057263463128408,
    "y": 3.0201060286124917,
    "f": 9.973920312629355
  },
  "best": {
    "x": -0.00830188964945286,
    "y": 2.9765044161829697,
    "f": 9.272922437374888
  },
  "params": {
    "steps": 60000,
    "dt": 0.02,
    "mass": 1.0,
    "gamma": 0.8,
    "coarse_gx": 25,
    "coarse_gy": 25,
    "seed": 1013
  }
}