{
  "task_id": 4,
  "tile": {
    "ix": 0,
    "iy": 1,
    "nx": 4,
    "ny": 4
  },
  "tile_bounds": {
    "x0": -5.12,
    "x1": -2.56,
    "y0": -2.56,
    "y1": 0.0
  },
  "start": {
    "x": -3.02039036608091,
    "y": -0.051987446119907,
    "f": 9.45656514618154
  },
  "best": {
    "x": -2.9918528670283466,
    "y": -0.00889832022878733,
    "f": 8.68570790781967
  },
  "params": {
    "steps": 60000,
    "dt": 0.02,
    "mass": 1.0,
    "gamma": 0.8,
    "coarse_gx": 25,
    "coarse_gy": 25,
    "seed": 1004
  }
}