{
  "task_id": 2,
  "tile": {
    "ix": 2,
    "iy": 0,
    "nx": 4,
    "ny": 4
  },
  "tile_bounds": {
    "x0": 0.0,
    "x1": 2.56,
    "y0": -5.12,
    "y1": -2.56
  },
  "start": {
    "x": 0.05053786776290807,
    "y": -3.02071229278909,
    "f": 9.387944233700283
  },
  "best": {
    "x": 0.010460094327869315,
    "y": -2.9911505727719048,
    "f": 8.679223694906844
  },
  "params": {
    "steps": 60000,
    "dt": 0.02,
    "mass": 1.0,
    "gamma": 0.8,
    "coarse_gx": 25,
    "coarse_gy": 25,
    "seed": 1002
  }
}