{
  "task_id": 1,
  "tile": {
    "ix": 1,
    "iy": 0,
    "nx": 4,
    "ny": 4
  },
  "tile_bounds": {
    "x0": -2.56,
    "x1": 0.0,
    "y0": -5.12,
    "y1": -2.56
  },
  "start": {
    "x": -0.051464228662987554,
    "y": -3.0203359813371784,
    "f": 9.445042924713556
  },
  "best": {
    "x": -0.008788397334755529,
    "y": -2.991839006202995,
    "f": 8.685225351391937
  },
  "params": {
    "steps": 60000,
    "dt": 0.02,
    "mass": 1.0,
    "gamma": 0.8,
    "coarse_gx": 25,
    "coarse_gy": 25,
    "seed": 1001
  }
}