{
  "task_id": 11,
  "tile": {
    "ix": 3,
    "iy": 2,
    "nx": 4,
    "ny": 4
  },
  "tile_bounds": {
    "x0": 2.5599999999999996,
    "x1": 5.119999999999999,
    "y0": 0.0,
    "y1": 2.56
  },
  "start": {
    "x": 3.0204057498686074,
    "y": 0.050899364358407154,
    "f": 10.048746046591763
  },
  "best": {
    "x": 2.991433027704748,
    "y": 0.008255183715506528,
    "f": 9.282031971389245
  },
  "params": {
    "steps": 60000,
    "dt": 0.02,
    "mass": 1.0,
    "gamma": 0.8,
    "coarse_gx": 25,
    "coarse_gy": 25,
    "seed": 1011
  }
}