{
  "task_id": 3,
  "tile": {
    "ix": 3,
    "iy": 0,
    "nx": 4,
    "ny": 4
  },
  "tile_bounds": {
    "x0": 2.5599999999999996,
    "x1": 5.119999999999999,
    "y0": -5.12,
    "y1": -2.56
  },
  "start": {
    "x": 3.0209672532105785,
    "y": -3.021677508333154,
    "f": 18.373658783997094
  },
  "best": {
    "x": 2.9830602640604833,
    "y": -2.9835613721849072,
    "f": 17.80560345755706
  },
  "params": {
    "steps": 60000,
    "dt": 0.02,
    "mass": 1.0,
    "gamma": 0.8,
    "coarse_gx": 25,
    "coarse_gy": 25,
    "seed": 1003
  }
}